outline + hcs,vendors
""" NUTS ON CLARK "" CHICAGO IL VOR5AA squareup.com/receipts",['Nuts on Clark']
1 800 BAKERY 1 800 BAKERY WINCHESTER MA Ref25247809P01 Crd6153 Dt11/06,['1-800-Bakery']
1 800 BAKERY 1 800 BAKERY WINCHESTER MA Ref2524780A503 Crd6153 Dt11/20,['1-800-Bakery']
1 800 BAKERY 1 800 BAKERY WINCHESTER MA Ref2524780A603 Crd6153 Dt11/21,['1-800-Bakery']
11/01 INVOICE2GO 650-300-5180 CA Debit Card,['invoice2go']
11/03 CALZONES PIZZA C SAN FRANC 11/03 CALZONES PIZZA C SAN FRANCISCOCA Debit Card,['Calzones Pizza']
11/03 SQ *TURTLE TOWER SAN FRANC 11/03 SQ *TURTLE TOWER SAN FRANCISCOCA Debit Card,['Turtle Tower']
11/05 82636 - 100 N. L LOS ANGEL 11/05 82636 - 100 N. L LOS ANGELES CA Debit Card,['100 N. Los Angelos']
11/05 LOS ANGELES INTE LOS ANGEL 11/05 LOS ANGELES INTE LOS ANGELES CA Debit Card,['Los Anges Inte']
11/05 MERCADO SANTA MONICA CA De 11/05 MERCADO SANTA MONICA CA Debit Card,['Mercado Santa Monica']
11/05 PANINI KABOB GRI SANTA MON 11/05 PANINI KABOB GRI SANTA MONICA CA Debit Card,['Panini Kabob']
11/05 TUESDAY MORNING SANTA MONI 11/05 TUESDAY MORNING SANTA MONICA CA Debit Card,['Tuesday Morning Santa Monica']
11/06 FATHER'S OFFICE- SANTA MON 11/06 FATHER'S OFFICE- SANTA MONICA CA Debit Card,"[""Father's office""]"
11/06 WAHOO'S FISH TAC SANTA MON 11/06 WAHOO'S FISH TAC SANTA MONICA CA Debit Card,"[""Wahoo's Fish Tacos""]"
11/07 DUC LOI SUPERMAR SAN FRANCISCOCA Debit Card,['Duc Loi Supermarket']
11/08 KULA REVOLVING S LOS ANGEL 11/08 KULA REVOLVING S LOS ANGELES CA Debit Card,['Kula Revolving']
11/08 LAWDEPOT.COM 8775094398 AB Debit Card,['Lawdepot.com']
11/09 THE BRITANNIA SANTA MONICA 11/09 THE BRITANNIA SANTA MONICA CA Debit Card,['The Britannia']
11/10 FUNNEL MILL SANTA MONIC CA 11/10 FUNNEL MILL SANTA MONIC CA Debit Card,['Funnel Mill']
11/10 MERCADO SANTA MONICA CA De 11/10 MERCADO SANTA MONICA CA Debit Card,['Mercado Santa Monica']
11/10 TIERRA MIA COFFE OAKLAND CA Debit Card,['Tierra Mia Coffee']
11/12 TOWNHOUSE VENICE CA Debit 11/12 TOWNHOUSE VENICE CA Debit Card,['Townhouse Venice']
11/16 MOMS BAR & LOUNG LOS ANGEL 11/16 MOMS BAR & LOUNG LOS ANGELES CA Debit Card,['Moms Bar & Lounge']
11/18 TOCAYA SANTA MON SANTA MON 11/18 TOCAYA SANTA MON SANTA MONICA CA Debit Card,['Tocaya Santa Monica']
11/18 TWC*TIME WARNER 888-TWCABL 11/18 TWC*TIME WARNER 888-TWCABLE CA Debit Card,['Time Warner Cable']
11/20 MENDOCINO FARMS SANTA MONI 11/20 MENDOCINO FARMS SANTA MONICA CA Debit Card,['Mendocino Farms']
11/21 SWEETFIN POKE S. SANTA MON 11/21 SWEETFIN POKE S. SANTA MONICA CA Debit Card,['Sweetfin Poke']
11/22 TST* SPINFISH PO SANTA MON 11/22 TST* SPINFISH PO SANTA MONICA CA Debit Card,['Spinefish Poke']
11/23 SEOUL HOUSE OF T LOS ANGEL 11/23 SEOUL HOUSE OF T LOS ANGELES CA Debit Card,['Seoul House of Tofu']
11/24 KULA REVOLVING S LOS ANGEL 11/24 KULA REVOLVING S LOS ANGELES CA Debit Card,['Kula Revolving']
11/24 SQ *SIDECAR DOUG SANTA MON 11/24 SQ *SIDECAR DOUG SANTA MONICA CA Debit Card,['Sidecar Doug']
11/24 WARSZAWA POLISH SANTA MONI 11/24 WARSZAWA POLISH SANTA MONICA CA Debit Card,['WARSZAWA POLISH']
11/25 GOBBLE.COM MEALS HTTPSGOBB 11/25 GOBBLE.COM MEALS HTTPSGOBBLE.CCA Debit Card,"['Gobble, Inc']"
11/25 OOKOOK KOREAN BB LOS ANGEL 11/25 OOKOOK KOREAN BB LOS ANGELES CA Debit Card,['Ookook Korean BBQ']
11/25 PAYPAL *MONOTYPE 35314369001 DE Debit Card,['MONOTYPE']
11/26 TST* BIG DADDY'S VENICE CA 11/26 TST* BIG DADDY'S VENICE CA Debit Card,"[""Big Daddy's""]"
11/30 JINYA RAMEN SANTA MONICA CA Debit Card,['Jinya Ramen']
1114 6TH STREET SANTA MONICA LLC 1114 6TH STREET SANTA MONICA LLC Cashier Check Purchase,['Williams Real Estate']
266898714 04109315410 MD 266898714 04109315410 MD Ref55446419J2D Crd0653 Dt11/02,['Ikea']
4010 BOSE CORP WEB S8009992673 WH03801139 800-999-2673,['Bose']
41453182 SHOPIFY.COMELK GROVE V OPSNT_BN0QT 8887467439,['Shopify']
ABACUS LABS INC-EXPENSE ACH Debit,['Abacus Labs']
ABACUS LABS INC-EXPENSE ACH Debit,['Abacus Transfer']
ABC LOCKSMITH CO GOSSan Francis JGRCQ2 squareup.com/receipts,['ABC Locksmith']
AIR INDIA LIMITED AIR INDIA LIMITED 309 II Ref7510517A200 Crd7367 Dt11/17,['Air India']
Air Solutions LLC 03FREMONT CA 73011007314 HEATING/PLUMBING/AC,['Air Solutions LLC']
ALOFT HOTELS N ORLEANS,['Aloft Hotels']
ALTERNATIVE APPAREL SAN FRANCIS 4154005011,['Alternative Apparel']
"AMERICAN GIANT, IN AMERICAN GIANT, IN SAN FRANCISCO CA Ref25536069L2Z Crd6153 Dt11/03",['American Giant']
"AMERICAN GIANT, IN AMERICAN GIANT, IN SAN FRANCISCO CA Ref2553606A22Z Crd6153 Dt11/17",['American Giant']
"AMIRHOSSEIN DAVOODY SENDER BNK:=SIL VLY BK SCLA; SENDER ID:=121140399; SENDER REF:=20173240249200; ORG ID:=3302154126; ORG:=DEEPLEARNING.AI LLC; ORG ADDRESS:=1611 SHIRLEY AVELOS ALTOS, CA 94024; BNF ID:=0389455202; BNF NAME:=AMIRHOSSEIN DAVOODY; BNF ADDRESS:=812 EAGLE HEIGHT",['Amirhossein Davoody']
"ANDERSEN TAX LLC SENDER BNK:=SIL VLY BK SCLA; SENDER ID:=121140399; SENDER REF:=20173350409100; ORG ID:=3302113753; ORG:=THREADS GROUP, INC.; ORG ADDRESS:=3345 17TH STUNIT 1SAN FRANCISCO, CA 94110; BNF ID:=80000816471; BNF NAME:=ANDERSEN TAX LLC; BNF ADDRESS:=BOX 200988 P",['Anderson Tax']
"ANDREA LIM SENDER BNK:=SIL VLY BK SCLA; SENDER ID:=121140399; SENDER REF:=20173310206000; ORG ID:=3302154126; ORG:=DEEPLEARNING.AI LLC; ORG ADDRESS:=1611 SHIRLEY AVELOS ALTOS, CA 94024; BNF ID:=6531651476; BNF NAME:=ANDREA LIM; BNF ADDRESS:=10 WAVERLY PLACE HILLSBOR",['Andrea Lim']
"ANDREW Y NG SENDER BNK:=WELLS FARGO NA; SENDER ID:=121000248; ORG:=ANDREW Y NG; ORG ADDRESS:=1611 SHIRLEY AVE LOS ALTOS CA 940245326 US ; BNF ID:=3302154126; BNF NAME:=DEEPLEARNING.AI LLC; BNF ADDRESS:=1611 SHIRLEY AVELOS ALTOS, CA 94024; REC FI:=SIL VLY BK SCLA; REC",['Andrew Y Ng']
ANTHROPOLOGIE.COM 706-447-6582 P ANTHROPOLOGIE.COM 706-447-6582 PA Ref05436849S2X Crd0653 Dt11/09,['Anthropologie']
ARLO NOMAD NEW ARLO NOMAD NEW YORK NY Ref85345519NS6 Crd3846 Dt11/02,['Arlo Nomad Hotel']
"ARRAM ANDREW SABETI 283 DOLORES INSTRUCTED AMOUNT:=50,000.00 - USD; SENDER BNK:=WELLS FARGO NA; SENDER ID:=121000248; ORG:=ARRAM ANDREW SABETI 283 DOLORES ST; ORG ADDRESS:=SAN FRANCISCO CA 94103 ; ORG FI:=CHARLES SCHWAB AND CO., INC.; ORG FI ADDRESS:=SAN FRANCISCO,US 53202 ; ORG FI ID:=",['Arram Andrew Sabeti']
AT&T RECURR BILL PAYDALLAS TX 44043780 800-331-0500,['AT&T']
ATM CHECK DEPOSIT 11/14 3681 N B LACKSTONE AVE FRESNO CA,"['Bitwise Industries, Inc.']"
ATM WITHDRAWAL 009477  11/143681 N BL,['ATM Withdrawal']
B0912F061A3589 EDI PYMNTS B0912F061A3589 EDI PYMNTS Nuo Yan,['Nuo Yan']
"BACKSTAGE CAPITAL FUND II, LLC SENDER BNK:=FST REP BK SF; SENDER ID:=321081669; ORG:=BACKSTAGE CAPITAL FUND II, LLC; ORG ADDRESS:=1121 N SWEETZER AVE WEST HOLLYWOOD,CA 90069- ; BNF ID:=3302143175; BNF NAME:=DARK, INC.; BNF ADDRESS:=1358 STEVENSON STSAN FRANCISCO, CA 94103; REC FI:=SIL",['Backstage Capital']
Bank of America DES:CASHREWARD I,['Bank of America rewards']
BANK OF THE BANK OF THE WEST HCCLAIMPMT EG30797753 DAVID KAGAN MED CORP,['Bank of the West']
BEAUDEVIN CHICAGO IL 505164 4004 60666,['Beaudevin']
BED BATH & BED BATH & BEYOND #651 08004623966 NJ Ref55548079X8A Crd0653 Dt11/12,['Bed Bath & Beyond']
"BEEHYV SOFTWARE SOLUTIONS PVT. L SENDER ID:=SVBKUS6S; SENDER REF:=20173181225500; ORG ID:=3302074743; ORG:=OPAS AI, INC.; ORG ADDRESS:=250 MIDDLEFIELD ROADMENLO PARK, CA 94025; BNF ID:=0446037552; BNF NAME:=BEEHYV SOFTWARE SOLUTIONS PVT. LTD.; BNF ADDRESS:=PLOT NO 6, RAJA PRAASADAMU, LEV",['Beehyv']
BERGERAC/AUDIO 0089 SAN FRANCIS 08810028 415-269-5361,['Bergerac']
BLACK CAB VIC BLACK CAB VIC 132227 OAKLEIGH VI Ref8531350A717 Crd3846 Dt11/23,['Black Cab']
BLOOMTHAT.COM FLOWERS 8777775411 BLOOMTHAT.COM FLOWERS 8777775411 CA Ref5542950A3JH Crd9952 Dt11/19,['BloomThat.com']
BOBARRITO SANTA MONICA CA Debit BOBARRITO SANTA MONICA CA Debit Card,['Bobarrito']
BP EXP CLARENDON BP EXP CLARENDON 3759 SOUTH MELBOUR VI Ref8531350A815 Crd3846 Dt11/23,['BP Express']
BROOKE MCEVER BUSBILLPAY BROOKE MCEVER BUSBILLPAY TRAN#14 Scrapworks Inc.,['Brooke McEver']
BT*FIN*FIN ACTIVITY SAN FRANSIS FC0GS219 6504139625,['Fin']
BUTTER RESTAURANT SURRY BUTTER RESTAURANT SURRY HILLS NS Ref0554400A302 Crd3846 Dt11/19,['Butter Restaurant']
CAESERS BACCHANAL BUFF   LAS VEGAS    NV,['Bacchanal Buffet']
CAFFE CENTRAL - CAFFE CENTRAL - OFARR SAN FRANCISCO CA Ref05314619N00 Crd9937 Dt11/05,['Caffe Central']
CAKO.COM 4158952256 CA CAKO.COM 4158952256 CA Ref55429509XJH Crd6153 Dt11/13,['Cako']
CAKO.COM 4158952256 CA CAKO.COM 4158952256 CA Ref55429509YJH Crd6153 Dt11/13,['Cako']
CAKO.COM 4158952256 CA CAKO.COM 4158952256 CA Ref55429509ZJH Crd6153 Dt11/15,['Cako']
CAKO.COM 4158952256 CA CAKO.COM 4158952256 CA Ref5542950A5JH Crd6153 Dt11/21,['Cako']
CALA SAN FRANCISCO CALA SAN FRANCISCO CA Ref8558746AQS7 Crd9952 Dt11/21,['Cala']
CALIFORNIA 4152795922 CA CALIFORNIA 4152795922 CA Ref5542950A2JH Crd6153 Dt11/17,"[""Gus's Community Market""]"
CAPITAL FACTORY 5125228230 CAPITAL FACTORY 5125228230 TX Ref55429509JJH Crd6153 Dt11/02,"['Capital Factory Properties, LLC']"
CARLTON HOTEL (S) CARLTON HOTEL (S) PL SINGAPORE SG Ref05411299X8Q Crd7367 Dt11/12,['CARLTON HOTEL']
CDW Direct Vernon HiVernon Hill KTF0457 5252811 94107,['CDW Direct']
CDW Direct Vernon HiVernon Hill KTM2970 5252811 94107,['CDW Direct']
CENTRO INC CENTRO CENTRO INC CENTRO INC 10377052 Confiant Inc.,['Centro']
CENTRO INC CENTRO CENTRO INC CENTRO INC 10386134 Confiant Inc.,['Centro']
CHA CHA MATCHA New York NY VRQ4X6 squareup.com/receipts,['Cha Cha Matcha']
CHECKCARD 1108 BUILT IN 312-4476,['Built In']
CHECKCARD 1127 BRANDBRAVO CREATI,['BrandBravo Creative']
CHEF KWONG LLC CHEF KWONG LLC DALY CITY CA Ref5548077A2BL Crd0653 Dt11/17,['Chef Kwong']
CHOW CHURCH,['Chow Church']
CIRRUS INSIGHT FOR SIRVINE CA RE_BJ7AE5KC 9492883140,['Cirrus Insight']
CONEXSYS,['Conexsys']
"Coursera, Inc. Bill.com Coursera, Inc. Bill.com 015FGSPHDQOR44L Deeplearning.ai",['Coursera']
"Coursera, Inc. Verify Coursera, Inc. Verify 015AUUWJJZONNZW Deeplearning.ai",['Coursera']
CPC*CAFEPRESS.COM 877-8091659 CA,['CafePress.com']
Crate and Barrel,['Crate & Barrel']
CSU FRESNO PARKING FRESNO CA 11/06,['CSU Fresno']
CTS LANGUAGELINK 08552959177 CTS LANGUAGELINK 08552959177 WA Ref55310209S8A Crd6153 Dt11/10,['Cts Languagelink']
DAISO LA15 SAWTE LOS ANGELES CA DAISO LA15 SAWTE LOS ANGELES CA Debit Card,['Daiso']
"Deposit CBC Br#: 00584 TID: 3 1 107 BROADWAY,NY,NY",['R&D Tax Refund']
DESIGNER NEWS VICTORIA DESIGNER NEWS VICTORIA BC Ref8230009AB00 Crd6153 Dt11/27,['Designer News']
DISCOVER YOUR DREAM BA,['Discover Your Dream']
DOBBS FERRY RESTAURANT DOBBS FERRY RESTAURANT SAN FRANCISCO CA Ref5526352A28A Crd9952 Dt11/17,['Dobbs Ferry']
DODEE PAIDANG THAI DODEE PAIDANG THAI B MELBOURNE VI Ref5543793A8AR Crd3846 Dt11/24,['Dodee Paidang Thai']
DOMINION PARENTING NORFOLK VA 0033IN00002 WWW.PARENTHOOD.COM,['Bay Area Parent']
DRCHRONO 16507725024 CA DRCHRONO 16507725024 CA Ref5542950ABJJ Crd6153 Dt11/27,['Dr Chrono']
DUC LOI SUPERMARKET SAN FRANCIS 10156320171 4155511772,['Duc Loi Supermarket']
EAT24 *THE CREAMERY EAT24 *THE CREAMERY 8778504024 CA Ref5542950ADJH Crd0653 Dt11/28,['The Creamery']
EB AI FRONTIERS EB AI FRONTIERS CONFE 8014137200 CA Ref55429509KLR Crd0653 Dt11/02,['AI Frontiers Conference']
EDS LOBSTER BAR 6500NEW YORK NY 10156320171 2123433236,"[""Ed's Lobster Bar""]"
EE TOP UP EE TOP UP VESTA 08081686076 IE Ref1542595AB00 Crd9449 Dt11/25,['EE Limited']
ENNEAGRAM RHETI,['The Enneagram Institute']
ENTERPRISE RENT-A-CASAN FRANCIS D788356 4155225900,['Enterprise Rent-a-Car']
ENVATO            613-837-6628 U POS Debit,['Envato']
EURONET PAY & EURONET PAY & TRANSACT MILANO IT Ref55256109R2Y Crd9449 Dt11/08,['Euronet']
"EXO, INC. 8443967768 EXO, INC. 8443967768 NY Ref55429509TJH Crd9960 Dt11/09",['Exo Inc']
"EXO, INC. 8443967768 EXO, INC. 8443967768 NY Ref5542950ADJH Crd9960 Dt11/29",['Exo Inc']
FARM AT THE CARNEROSNAPA CA 0000059004 0000059004 94559,['FARM at Carneros']
FARM FRESH TO FARM FRESH TO YOU 800-796-6009 CA Ref55432869N5S Crd0653 Dt11/06,['Farm Fresh to You']
FARM FRESH TO FARM FRESH TO YOU 800-796-6009 CA Ref5543286A45S Crd0653 Dt11/20,['Farm Fresh to You']
FATHERS OFFICE MELBOURNE FATHERS OFFICE MELBOURNE VI Ref0554400A802 Crd3846 Dt11/24,"[""Father's Office""]"
FLORATASSE IAT PAYPAL FLORATASSE IAT PAYPAL AI GRANT,['Grant funds']
FormSite,['Formsite']
FORUM COMM CO FORUM COMM CO ACH ITEM 01273369 CONFIANT INC.,['ForumComm']
FROM DDA#80003815768 ON 11/22 AT 14.49 Internet Transfer,['First Republic transfer']
FROM DDA#80003815768 ON 11/30 AT 14.12 Internet Transfer,['First Republic transfer']
FUDDRUCKERS 7423,['Fuddruckers']
GELATISSIMO CQ SYDNEY GELATISSIMO CQ SYDNEY NS Ref0554400A502 Crd3846 Dt11/21,['Gelatissimo']
GENERAL ASSEMBLY 4155780595 GENERAL ASSEMBLY 4155780595 NY Ref55429509LLW Crd0653 Dt11/03,['General Assembly']
GREEN STAR/CLEANIFY 8664546243 C A            11/23,['Cleanify']
GUST EQUITY MANAGEMENT 8778877815 NY,['Gust Equity Management']
GUSTO -HPT 175624 ACH Debit,['Gusto transfer']
GUSTO -TLR 170366 ACH Credit,['Gusto']
HANDCRAFT KITCHEN AND HANDCRAFT KITCHEN AND NEW YORK NY Ref55421359HQJ Crd3846 Dt11/01,['Handcraft Kitchen & Cocktails']
HARD ROCK VEGAS STRIP    LAS VEGAS    NV,['Hard Rock Hotel']
HAZEL SOUTHERN BAR HAZEL SOUTHERN BAR KI SAN FRANCISCO CA Ref0531461A68P Crd9945 Dt11/21,['Hazel Southern Bar & Kitchen']
HEALTH NET DES:HEALTHNE20 ID:DBK,['Healthnet']
"HEXAGRAM ADVERTISING EXCHANGE IN SENDER BNK:=SIL VLY BK SCLA; SENDER ID:=121140399; ORG:=HEXAGRAM ADVERTISING EXCHANGE INC.; ORG ADDRESS:=104 WEST 27TH STREET 11TH FLOOR NEW YORK, NY 10001 ; BNF ID:=3301009020; BNF NAME:=CONFIANT INC.; BNF ADDRESS:=C/O SPARK LABS833 BROADWAY2ND FLOORNEW",['Hexagram']
HIS*HISCOX INC 888-202-3007 HIS*HISCOX INC 888-202-3007 GA Ref5543286A55V Crd8856 Dt11/21,['HISCOX INC']
HNDISCOVER ST772,['Hudson News']
HOTEL UTAH SALOON HOTEL UTAH SALOON SAN FRANCISCO CA Ref25536069W2Y Crd3846 Dt11/10,['Hotel Utah Saloon']
HUDSONST1712 1712 JAMAICA NY 0014435 BOOK STORE,['Hudson News']
IEEE CB CONFERENCE,['IEEE CB CONFERENCE']
Interest Charge on Promotional,['American Express']
INV 10753 COSTELLO AND SONS Miscellaneous Debit,['Costello & Sons']
"INVISIONAPP INC ACH INVISIONAPP INC ACH Pmt 5027492502 ClearBrain, Inc.",['InVision']
ITAY HUBARA IAT ITAY HUBARA IAT PAYPAL AI GRANT,['Grant funds']
JAANUU.COM 8444522688 CA JAANUU.COM 8444522688 CA Ref5542950ADJH Crd6153 Dt11/29,['Jaanuu']
JFK STREET FOOD,['JFK Street Food']
JOEYTHECAT.COM SAN FRANCISCO CA OPSNT_BRLNN 5034907423,['Joey the Cat Skeeball']
KESSLER WINES & SPIRIT   NEW YORK     NY,['Kessler Wines and Spirits']
Khe-Yo,['Khe-Yo']
KIDDO 415-3897789 CA,['Kiddo']
KINGS WHARF SUPERMKT KINGS WHARF SUPERMKT SYDNEY NS Ref7523090A300 Crd3846 Dt11/19,['Kings Wharf Supermarket']
KL *WINE MERCHANTS-SSAN FRANCIS 36223273 SAN FRANCISCO,['K&L Wine Merchants']
KOGI GOGI SAN KOGI GOGI SAN FRANCISCO CA Ref85180899KWG Crd9945 Dt11/02,['Kogi Gogi BBQ']
"LACOMOTION LLC SENDER BNK:=WELLS FARGO NA; SENDER ID:=121000248; ORG:=LACOMOTION LLC; ORG ADDRESS:=1855 INDUSTRIAL ST STE 106 LOS ANGELES, CA 90021-1239 ; BNF ID:=3302022106; BNF NAME:=BRAAVOS, INC; BNF ADDRESS:=292 TOWNSEND STSAN FRANCISCO, CA 94107; REC FI:=SIL VLY BK",['LA CoMotion']
LARP THAI FOOD & TAPEL CERRITO 33110184 510-326-9851,['Larb Thai Food & Tapas']
"LATHAM AND WATKINS LLP SENDER BNK:=SIL VLY BK SCLA; SENDER ID:=121140399; SENDER REF:=20173110149800; ORG ID:=3302168751; ORG:=RELAY LABS, INC.; ORG ADDRESS:=2419 HARRISON STREETNUMBER 200SAN FRANCISCO, CA 94110; BNF ID:=3911-7003; BNF NAME:=LATHAM AND WATKINS LLP; BNF ADDRESS:",['Latham & Watkins LLP']
LEAVESANDFLOWERS.CO,['Leaves and Flowers']
LEGACY NOLA 2 LLC,['Legacy Nola']
LETTERMAN DIGITAL,['Letterman Digital']
LIGHTBULBSCOM,['LightBulbs.com']
LIGHTHOUSE,['Lighthouse']
LOS ANGELES AIRPORT LOS ANGELES AIRPORT LOS ANGELES CA Ref5531020AALA Crd3846 Dt11/25,['Los Angeles Airport']
MAC CENTRE PTY MAC CENTRE PTY LTD SURRY HILLS AU Ref6535310A5PF Crd3846 Dt11/21,['Mac Centre']
MAC CENTRE PTY MAC CENTRE PTY LTD SURRY HILLS AU Ref6535310A6PF Crd3846 Dt11/22,['Mac Centre']
MACHINEZONEI5063-INVPMT ACH Credit,['Machine Zone']
MANTRA 2 BOND MANTRA 2 BOND STREET SYDNEY AU Ref5516000A79Q Crd3846 Dt11/22,['Mantra 2 Bond Street']
MANTRA 2 BOND MANTRA 2 BOND STREET SYDNEY NS Ref5516000A79E Crd3846 Dt11/22,['Mantra 2 Bond Street']
MBI -SETL ACH Debit,['MBL']
MECCA HAY ST MECCA HAY ST PERTH PERTH WA Ref0554400A202 Crd3846 Dt11/18,['Mecca Hay St Mall']
MELBOURNE SUPPER CLUB MELBOURNE SUPPER CLUB MELBOURNE VI Ref0554400A702 Crd3846 Dt11/23,['Melbourne Supper Club']
MELBOURNE SUPPER CLUB MELBOURNE SUPPER CLUB MELBOURNE VI Ref0554400A902 Crd3846 Dt11/25,['Melbourne Supper Club']
MERCURY TECHNOLO BILL MERCURY TECHNOLO BILL PMT 3302252429 SILICON VALLEY B,['First Republic Bank Transfer']
MISSION ROCK RESORT SAN FRANCIS 10156320171 4157017625,['Mission Rock Resort']
MLAB 4157582748 CA MLAB 4157582748 CA Ref55429509JLS Crd8856 Dt11/02,['MLab']
MONTHLY SERVICE FEE,['Wells Fargo']
MORDISKO CAKES           SAN MATEO    CA,['Mordisko Cakes']
MR. TIPPLES SAN MR. TIPPLES SAN FRANCISCO CA Ref2553606A32Y Crd9952 Dt11/17,"[""Mr. Tipple's Recording Studio""]"
NCSBNLICENSEVERIFCTN 312-525-360 NCSBNLICENSEVERIFCTN 312-525-3600 IL Ref55432869W5V Crd6153 Dt11/12,['NCSBN']
"NETO E-COMMERCE SOLUTIONS PTY LT SENDER BNK:=CITIBANK NYC; SENDER ID:=021000089; ORG:=NETO E-COMMERCE SOLUTIONS PTY LTD; ORG ADDRESS:=LEVEL 3 35 BOUNDARY STREET 4101 SOUTH BRISBANE QLD AUSTRALIA ; ORG FI ID:=NATAAU3303M; BNF ID:=3301415902; BNF NAME:=HOUND TECHNOLOGY, INC.; BNF ADDRESS:=",['Neto eCommerce Solutions Pty Ltd']
NEW ORLEANS CC  CONC 0083,['New Orleans Convention Center']
NEWEGG PURCHASE WITH MR POINTS,['Newegg']
NOTION PRO 6504851632 NOTION PRO 6504851632 CA Ref5542950A1JH Crd6153 Dt11/17,['NotionPro']
O'LEARYS -2 01 O'LEARYS -2 01 HONG KONG HK Ref55427679W2X Crd7367 Dt11/11,"[""O'LEARYS""]"
OFFICEWORKS 0615 PERTH OFFICEWORKS 0615 PERTH AU Ref0528294A12J Crd3846 Dt11/17,['OfficeWorks']
OLDE NAWLINS COOKERY,['OLDE NAWLINS COOKERY']
OLEMA PARTNERS 4156639000 OLEMA PARTNERS 4156639000 CA Ref55429509ZJH Crd0653 Dt11/14,['Olema Partners']
ONLINE DOMESTIC WIRE FEE,['Chase Bank Fees']
Online Transfer from CHK ...1692 transaction#: 6703330695,['Chase Bank transfer']
Online Transfer from CHK ...5118 transaction#: 6640946573,['Chase Bank transfer']
Online Transfer from CHK ...5118 transaction#: 6675953248,['Chase Bank transfer']
Online Transfer to MMA ...9908 t ransaction#: 6640946573,['Chase Bank transfer']
Online Transfer to MMA ...9908 t ransaction#: 6675953248,['Chase Bank transfer']
"Optimizely, Inc Payment Optimizely, Inc Payment 121880",['Optimizely']
ORIGENE TECHNOLOGIESROCKVILLE MD 95090013 301-340-3188,['Origene Technologies Inc']
OSAMIL NEW YORK OSAMIL NEW YORK NY Ref85179249HWG Crd3846 Dt10/31,['Osmail']
OTTER INN 4 MONTEREY CA 00062323 831-375-2299,['Otter Inn Monterey']
PALACE MARKET POINT PALACE MARKET POINT REYES S CA Ref25536069S30 Crd0653 Dt11/09,['Palace Market Point Reyes']
PAN PACIFIC MELBOURNE PAN PACIFIC MELBOURNE SOUTH WHARF VI Ref9530131A900 Crd3846 Dt11/24,['Pan Pacific Melbourne']
PAN PACIFIC MELBOURNE PAN PACIFIC MELBOURNE SOUTH WHARF VI Ref9530131AA00 Crd3846 Dt11/25,['Pan Pacific Melbourne']
PANASONIC CATHAY PACIF PANASONIC CATHAY PACIF 04254159641 CA Ref55263529V2D Crd7367 Dt11/11,['Cathay Pacific Airways']
PANJIVA.COM       PANJIVA.COM  N DBT Purchase,['PANJIVA']
PASILLA INC.,['Pasilla Inc']
PATRICK HARRINGT BUSBILLPAY PATRICK HARRINGT BUSBILLPAY TRAN#12 Scrapworks Inc.,['Patrick Harrington']
PAY*BLUE WATER KAYAKIN PAY*BLUE WATER KAYAKIN 415-669-2600 CA Ref05436849JHE Crd0653 Dt10/31,['Blue Waters Kayaking']
PAY*BLUE WATER KAYAKIN PAY*BLUE WATER KAYAKIN 415-669-2600 CA Ref05436849VHE Crd0653 Dt11/10,['Blue Waters Kayaking']
PAY*BLUE WATER KAYAKIN PAY*BLUE WATER KAYAKIN 415-669-2600 CA Ref0543684A18P Crd0653 Dt11/17,['Blue Waters Kayaking']
PAY*BLUE WATER KAYAKIN PAY*BLUE WATER KAYAKIN 866-289-5977 CA Ref05436849J8P Crd0653 Dt11/02,['Blue Waters Kayaking']
Payment Thank You-Mobile,['Chase']
PBH Network Inc. PBH Network Inc. Bill.com 015FCLRFWVOHRTT Confiant,['PBH Network']
PEER5 INC Deposit-Wired Funds,"['Peer5', 'Peer5']"
PEER5 INC Deposit-Wired Funds,['Peer5']
PEI WEI C LAS            LAS VEGAS    NV,['Pei Wei Asian Diner']
PERSISTIQ.COM 4158911140 CA PERSISTIQ.COM 4158911140 CA Ref55429509VJH Crd6244 Dt11/10,['PersistIQ']
PHILA INS CO PHILA INS CO INS IN 83048632 83048632,['Philadelphia Insurance Company']
PIN ATM PAYPAL *GGRIJ2 San Jose CA TID11396402 Crd9960 Dt11/24,['GGRIJ2']
PIN ATM PAYPAL *TECH L San Jose CA TID28332262 Crd0257 Dt11/27,['Tech Ladies']
PL*PAYLEASE -WEB PMTS ACH Debit,['PayLease']
PL*WILLIAMSREALE-WEB PMTS ACH Debit,['Williams Real Estate']
PLACEBOPROOF,['PlaceboProof']
"PLANGRID, INC. SENDER BNK:=SIL VLY BK SCLA; SENDER ID:=121140399; ORG:=PLANGRID, INC.; ORG ADDRESS:=2111 MISSION ST 4TH FLOOR SAN FRANCISCO, CA 94110 ; BNF ID:=3301468208; BNF NAME:=SOURCERESS, INC.; BNF ADDRESS:=283 DOLORES STSAN FRANCISCO, CA 94103; OBI:=BY ORDER OF:",['PlanGrid']
POLICE EXECUTIVE RESWASHINGTON 99999997330 2024667820,['Police Executive Research Forum']
POLICE EXECUTIVE RESWASHINGTON 99999997333 2024667820,['Police Executive Research Forum']
PORK STORE CAFE PORK STORE CAFE SAN FRANCISCO CA Ref2524780A002 Crd9952 Dt11/16,['Pork Store Cafe']
POST AUSTRALIA SQU POST AUSTRALIA SQU SYDNEY AU Ref5537745A69F Crd3846 Dt11/22,['Australian Post Office']
POST EAST PERTH POST EAST PERTH PO EAST PERTH AU Ref5537745A49Q Crd3846 Dt11/18,['Australian Post Office']
POST PORT MELBOURN POST PORT MELBOURN PORT MELBOURN AU Ref5537745A89B Crd3846 Dt11/24,['Australian Post Office']
PROPOSITION CHICKEN SAN PROPOSITION CHICKEN SAN FRANCISCO CA Ref85587469ZS6 Crd3846 Dt11/14,['Proposition Chicken']
PSAV AUDIO VISUAL SVCS,['PSAV Audio Visual']
QANTAS A 0812477217285 QANTAS A 0812477217285 MASCOT AU Ref6535310A1SL Crd3846 Dt11/17,['Qantas']
RABBIT HOLE BAR RABBIT HOLE BAR SYDNEY NS Ref5516000A69E Crd3846 Dt11/21,['Rabbit Hole Bar']
RAMEN SHOP 542929805OAKLAND CA 24224437309 5033519825,['Ramen Shop']
RANDAS MARKET SAN RANDAS MARKET SAN FRANCISCO CA Ref75493529HWG Crd9945 Dt10/31,['Randas Market']
REMOTE ONLINE DEPOSIT # 1,['Chase Bank transfer']
REV.COM*REV COM SAN FRANCIS CA FDAVDVWQ 888-369-0701,['Rev']
REV.COM*REV COM SAN FRANCIS CA GK12NCE9 888-369-0701,['Rev']
RF OF CUNY AP    2124178593 V864 11-0            ID: 9470027002,['John Jay REC']
RIPPLING         PAYROLL Preauthorized Debit,['Rippling']
RIPPLING -BVC ACH Credit,['Rippling']
RIPPLING -PAYROLL ACH Debit,['Rippling - Payroll']
SAN FRANCISCO MASSAGE SAN FRANCISCO MASSAGE SAN FRANCISCO CA Ref7558746AES6 Crd6153 Dt11/29,['San Francisco Massage']
SANTA CLARA COUN DES:VENDOR PMT,['Santa Clara County Library']
SERV CHG REVERSAL REV ACCOUNT SERVICE CHARGE 10/31/17,['Silicon Valley Bank']
SERVICE CHARGE,['Silicon Valley Bank']
SF ELITE TRANSPORTATIO SF ELITE TRANSPORTATIO SAN FRANCISCO CA Ref5526352A95S Crd3846 Dt11/25,['SF Elite Transportation']
SHERLOCK HOLMES ON SHERLOCK HOLMES ON C MELBOURNE VI Ref5543048A832 Crd3846 Dt11/23,['The Sherlock Holmes']
SHIZEN SAN FRANCISCO SHIZEN SAN FRANCISCO CA Ref5550036AF8A Crd5049 Dt11/30,['Shizen']
SHORTYS PEARL ST 093NEW YORK NY 21104477318 JDEMPSEY@SHANERIBSHAC,"[""Shorty's""]"
SILVERTOP VIC 131008 SILVERTOP VIC 131008 COLLINGWOOD VI Ref8531350A81E Crd3846 Dt11/24,['Silver Top Taxi']
SINI,['Sini']
SOCOLA CHOCOLATIER +San Francis JGOY4I squareup.com/receipts,['Socola Chocolatier']
SOFARSOUNDSCOM 8778877815 GB SOFARSOUNDSCOM 8778877815 GB Ref75277939T3T Crd9960 Dt11/07,['Sofar Sounds']
SOUP & SALAD SJC         SAN JOSE     CA,['The Soup and Salad Station']
SP * BESTSELFCO SP * BESTSELFCO 7189153805 NY Ref55429509YJH Crd0653 Dt11/13,['Best Self Co']
SP * UPPER PLAYGROUNSAN FRANCIS 12556800 888-746-7439,['Upper Playground']
SPARK 415-9459901 CA,['SPARK']
SQ *RUBY WINE,['Ruby Wine']
SQ *SQ *CAVIA SQ *SQ *CAVIA GOSQ.COM CA Ref55432869S5S Crd9945 Dt11/10,['Caviar']
SQ *SQ *KUROTAKARAMEN SQ *SQ *KUROTAKARAMEN OAKLAND CA Ref55432869Z5S Crd0653 Dt11/15,['Kurotaka Ramen Oakland']
SQU*SQ *BELLO COFFEE SQU*SQ *BELLO COFFEE & SAN FRANCISCO CA Ref5543286AA5S Crd0653 Dt11/26,['Bello Coffee & Tea']
SQU*SQ *GARY HIRSCH SQU*SQ *GARY HIRSCH NO SAN FRANCISCO CA Ref55432869S5S Crd6153 Dt11/10,['Gary Hirsch']
SQU*SQ *KIDSPEAK DBA F gosq.com CA,['KidSpeak']
SQU*SQ *LIMON ROTISSER SQU*SQ *LIMON ROTISSER SAN FRANCISCO CA Ref5543286AE5S Crd5049 Dt11/30,['Limon Rotisserie']
SQU*SQ *MOBILE KANGARO SQU*SQ *MOBILE KANGARO PALO ALTO CA Ref5543286AQ5S Crd0653 Dt11/28,['Mobile Kangaroo']
SQU*SQ *SALT & SQU*SQ *SALT & STRAW I SAN FRANCISCO CA Ref55432869M5S Crd3846 Dt11/04,['Salt & Straw']
SQU*SQ *THINK COFFEE SQU*SQ *THINK COFFEE T NEW YORK NY Ref5543286AE5S Crd3506 Dt11/30,['Think Coffee']
SQUARE *SQ *EL SQUARE *SQ *EL GONDO SOUTH SAN FRA CA Ref55432869R5S Crd0653 Dt11/08,['Tacos El Gondo']
STATION HOUSE CAFE STATION HOUSE CAFE POINT REYES S CA Ref55500809W60 Crd0653 Dt11/12,['Station House Cafe Point Reyes']
STEFANOS PIZ*EATSTREMADISON WI 233Q00EJ 0 54703,"[""Stefano's Pizzeria""]"
STITCH SYDNEY NS STITCH SYDNEY NS Ref0554400A302 Crd3846 Dt11/19,['Stitch Bar']
STITCH SYDNEY NS STITCH SYDNEY NS Ref0554400A402 Crd3846 Dt11/20,['Stitch Bar']
STITCH SYDNEY NS STITCH SYDNEY NS Ref0554400A502 Crd3846 Dt11/21,['Stitch Bar']
Stripe,['Stripe']
STRIPE EVERSLEY GB STRIPE EVERSLEY GB Ref7527793A23T Crd7201 Dt11/16,['Eversley GB']
SUCCULENCE SAN FRANCISCO SUCCULENCE SAN FRANCISCO CA Ref75493529R0P Crd6153 Dt11/07,['Succulence']
SUMMIT SERVICE &-ACH DEBIT ACH Debit,['Summit Service']
SUNCNTRY 33770908085854 08003596 SUNCNTRY 33770908085854 08003596786 CT Ref55488729W75 Crd7367 Dt11/11,['Sun Country']
T J MAXX #1147 SANTA MONICA CA D T J MAXX #1147 SANTA MONICA CA Debit Card,['TJ Maxx']
TAI PAN RESTAURANT TAI PAN RESTAURANT PALO ALTO CA Ref2524780A703 Crd8084 Dt11/23,['Tai Pan Restaurant']
TAMBA INDIAN CUISINE     LAS VEGAS    NV,['Tamba Lounge']
THE COFFEE ACADEMICS THE COFFEE ACADEMICS SINGAPORE 179 SG Ref55265149WLA Crd7367 Dt11/12,['THE COFFEE ACADEMICS']
THE COUNTER,['The Counter']
THE EXPLORATORIUM 0 SAN FRANCIS 00347294 415-353-0470,['Exploratorium']
THE EXPLORATORIUM 0 SAN FRANCIS 00347296 415-353-0470,['Exploratorium']
THE FLYING BREAD THE FLYING BREAD SINGAPORE SG Ref75420899X0K Crd7367 Dt11/13,['THE FLYING BREAD']
"THE MONEYTIZER INSTRUCTED AMOUNT:=1,709.68 - USD; SENDER BNK:=BQE NAT PARIS; SENDER ID:=026007689; ORG:=THE MONEYTIZER; ORG ADDRESS:=2/21 VILLA MARIE JUSTINE 3/FR/92100 BOULOGNE BILLANCOURT ; ORG FI:=BNP-PARIBAS SA (FORMERLY BANQUE NAT; ORG FI ADDRESS:=IONALE DE PARIS S",['Moneytizer']
THE SEA BY THE SEA BY ALEXANDER'S PALO ALTO CA Ref55500369Z60 Crd8084 Dt11/14,"[""The Sea by Alexander's""]"
THINK COFFEE 8TH New York NY VRTPGH squareup.com/receipts,['Think Coffee']
THOMAS SCIENTIFIC 08003452100 THOMAS SCIENTIFIC 08003452100 NJ Ref5554750A760 Crd6153 Dt11/22,['Thomas Scientific']
"THOMSEN AND BURKE LLP SENDER BNK:=SIL VLY BK SCLA; SENDER ID:=121140399; SENDER REF:=20173130210100; ORG ID:=3302167209; ORG:=IMPIRA INC.; ORG ADDRESS:=855 FOLSOM ST. UNIT 726SAN FRANCISCO, CA 94107; BNF ID:=006060111261; BNF NAME:=THOMSEN AND BURKE LLP; BNF ADDRESS:=2 HAMILL",['Thomsen and Burke LLP']
TO DDA#80003525961 ON 11/22 AT 14.49 Internet Transfer,['First Republic transfer']
TO DDA#80003525961 ON 11/30 AT 14.12 Internet Transfer,['First Republic transfer']
TOAST BISTRO EAST TOAST BISTRO EAST PERTH WA Ref0554400A102 Crd3846 Dt11/17,['Toast Bistro']
TRANSFER CREDIT CASH SWEEP REDEMPTION,['Sweep Transfers']
TRANSFERWISE INC Domestic Wire Funds-Debit,['Transferwise Transfer']
TRANSFERWISELTD -25459400 ACH Credit,['Transferwise']
TRAVEL FOOD SERVICE-CH TRAVEL FOOD SERVICE-CH CHENNAI II Ref7526550A100 Crd7367 Dt11/16,['TRAVEL FOOD SERVICE']
TST* ROAM SAN MATEO      SAN MATEO    CA,['Roam Burgers']
TWO CHICKS CAFE,['Two Chicks Cafe']
TX NURSE END TX NURSE END FEE AUSTIN TX Ref25536069V31 Crd6153 Dt11/11,['Texas Board of Nursing']
UBER EATS GLXOP UBER EATS GLXOP HELP.U 8005928996 CA Ref1527021AD7N Crd9937 Dt11/29,['Uber Eats']
UNITEDHEALTHCARE HCCLAIMPMT 4748 UNITEDHEALTHCARE HCCLAIMPMT 474883537 David Kagan Medical Co,['United Healthcare v']
UnitedHealthcare HCCLAIMPMT 4748 UnitedHealthcare HCCLAIMPMT 474883537 David Kagan Medical Co,['United Healthcare v']
URBANSITTER 415-6531340 CA URBANSITTER 415-6531340 CA Ref85260889XS6 Crd6153 Dt11/12,['UrbanSitter']
VANDYKE SOFTWARE 05053325700 VANDYKE SOFTWARE 05053325700 NM Ref55480779J8A Crd9449 Dt11/02,['VanDyke Software']
VENMO CASHOUT 769994703 VENMO CASHOUT 769994703 HELLOAVA BEAUTY,['Venmo Deposits']
VENMO*VENMO NEW YORK NY 6VY8H5GG 855-812-4430,['Unknown']
VESELKA COFFEE SHOP VESELKA COFFEE SHOP NEW YORK NY Ref75396029J07 Crd3846 Dt11/01,['Veselka Coffee Shop']
"VEYOND INC 1000003641 VEYOND INC 1000003641 135605 THREADS GROUP, INC",['Brex Payment']
VIRGIN AU7958228777102 BOWEN VIRGIN AU7958228777102 BOWEN HILLS AU Ref5516000A55S Crd3846 Dt11/21,['Virgin Australia']
VIRGIN AUSTRALIA MELBOURNE VIRGIN AUSTRALIA MELBOURNE VI Ref7518840A5SF Crd3846 Dt11/21,['Virgin Australia']
VIRGIN AUSTRALIA MELBOURNE VIRGIN AUSTRALIA MELBOURNE VI Ref7518840AQ1K Crd3846 Dt11/28,['Virgin Australia']
VONS STORE SANTA MONICA CA Debit VONS STORE SANTA MONICA CA Debit Card,['Vons Store']
W SAN FRAN DINING W SAN FRANCIS 101080182 415-777-5300,['W San Francisco']
WAGEPOINT PAYMENT SERVICES WAGEPOINT PAYMENT SERVICES INCWagepoint SPRING DISCOVERY,['Wagepoint']
WALKER'S DOUGHNUTS MELBOURNE WALKER'S DOUGHNUTS MELBOURNE VI Ref5543048A832 Crd3846 Dt11/24,"[""Walker's Doughnuts""]"
WATERMARK (PER204) REDCLIFFE WATERMARK (PER204) REDCLIFFE WA Ref0554400A202 Crd3846 Dt11/18,['Watermark Books & Cafe']
WAV*MIDPENINSULA MOMMENLO PARK B3B5D365156INVOICE 1 94025,['Mid-Peninsula Moms Blog']
Wayfair,['Wayfair.com']
"WEAVER SCHLENGER LLP SENDER BNK:=SIL VLY BK SCLA; SENDER ID:=121140399; SENDER REF:=20173140294400; ORG ID:=3302167209; ORG:=IMPIRA INC.; ORG ADDRESS:=855 FOLSOM ST. UNIT 726SAN FRANCISCO, CA 94107; BNF ID:=9461117371; BNF NAME:=WEAVER SCHLENGER LLP; BNF ADDRESS:=550 MONTGOME",['Weaver Schlenger LLP']
WESTIN - PUNE WESTIN - PUNE KP UNIT PUNE II Ref5534555A603 Crd7367 Dt11/18,['Westin Pune']
WESTIN ST. FRANCIS DINE,['The Westin']
WIRE TYPE:WIRE OUT DATE:171106 T,['Gunderson Dettmer']
WITHDRAWAL,['Cash Withdrawl']
WNDRCO HOLDINGS LLC Deposit-Wired Funds,['WndrCo HOLDINGS LLC']
YCS TAXI LAS VEGAS NV 00543588072 TAXICAB & LIMOUSINE,['Yellow Checker Star Transportation']
YOUR PRINTER 04158211898 YOUR PRINTER 04158211898 CA Ref55480779K60 Crd0653 Dt11/02,['Your Printer']
YOURPEOPLE INC DES:ZENEFITS ID:Z,['Zenefits']
Z & Y Z & Y RESTAURANT SAN FRANCISCO CA Ref8534705ADWG Crd7367 Dt11/28,['Z & Y Restaurant']
ZERO BAL TRF DEBIT CASH SWEEP PURCHASE,['SVB Sweep Transfer']
ZOHO CORPORATION,['Zoho Corporations']
"ZVELO, INC. GREENWOOD VILLAGE CO OPSNT_BIFRQ 7208978113",['Zvelo']